sony;Calle 64  # 56 - 76;2345676;Maria Lopera
sony;Calle 64  # 56 - 76;2345676;Maria Lopera
sony;Calle 64  # 56 - 76;2345676;Maria Lopera
sony;Calle 64  # 56 - 76;2345676;Maria Lopera
sony;Calle 64  # 56 - 76;2345676;Maria Lopera
sony;Calle 64  # 56 - 76;2345676;Maria Lopera
sony;Calle 64  # 56 - 76;2345676;Maria Lopera
sony;Calle 64  # 56 - 76;2345676;Maria Lopera
sony;Calle 64  # 56 - 76;2345676;Maria Lopera
sony;Calle 64  # 56 - 76;2345676;Maria Lopera
sony;Calle 64  # 56 - 76;2345676;Maria Lopera
sony;Calle 64  # 56 - 76;2345676;Maria Lopera
sony;Calle 64  # 56 - 76;2345676;Maria Lopera
sony;Calle 64  # 56 - 76;2345676;Maria Lopera
sony;Calle 64  # 56 - 76;2345676;Maria Lopera
sony;Calle 64  # 56 - 76;2345676;Maria Lopera
sony;Calle 64  # 56 - 76;2345676;Maria Lopera
sony;Calle 64  # 56 - 76;2345676;Maria Lopera
sony;Calle 64  # 56 - 76;2345676;Maria Lopera
sony;Calle 64  # 56 - 76;2345676;Maria Lopera
sony;Calle 64  # 56 - 76;2345676;Maria Lopera
sony;Calle 64  # 56 - 76;2345676;Maria Lopera
sony;Calle 64  # 56 - 76;2345676;Maria Lopera
sony;Calle 64  # 56 - 76;2345676;Maria Lopera
sony;Calle 64  # 56 - 76;2345676;Maria Lopera
sony;Calle 64  # 56 - 76;2345676;Maria Lopera
sony;Calle 64  # 56 - 76;2345676;Maria Lopera
sony;Calle 64  # 56 - 76;2345676;Maria Lopera
sony;Calle 64  # 56 - 76;2345676;Maria Lopera
sony;Calle 64  # 56 - 76;2345676;Maria Lopera
sony;Calle 64  # 56 - 76;2345676;Maria Lopera
sony;Calle 64  # 56 - 76;2345676;Maria Lopera
sony;Calle 64  # 56 - 76;2345676;Maria Lopera
sony;Calle 64  # 56 - 76;2345676;Maria Lopera
sony;Calle 64  # 56 - 76;2345676;Maria Lopera
sony;Calle 64  # 56 - 76;2345676;Maria Lopera
sony;Calle 64  # 56 - 76;2345676;Maria Lopera
sony;Calle 64  # 56 - 76;2345676;Maria Lopera
sony;Calle 64  # 56 - 76;2345676;Maria Lopera
sony;Calle 64  # 56 - 76;2345676;Maria Lopera
sony;Calle 64  # 56 - 76;2345676;Maria Lopera
sony;Calle 64  # 56 - 76;2345676;Maria Lopera
sony;Calle 64  # 56 - 76;2345676;Maria Lopera
sony;Calle 64  # 56 - 76;2345676;Maria Lopera
sony;Calle 64  # 56 - 76;2345676;Maria Lopera
sony;Calle 64  # 56 - 76;2345676;Maria Lopera
sony;Calle 64  # 56 - 76;2345676;Maria Lopera
sony;Calle 64  # 56 - 76;2345676;Maria Lopera
sony;Calle 64  # 56 - 76;2345676;Maria Lopera
sony;Calle 64  # 56 - 76;2345676;Maria Lopera
sony;Calle 64  # 56 - 76;2345676;Maria Lopera
sony;Calle 64  # 56 - 76;2345676;Maria Lopera
sony;Calle 64  # 56 - 76;2345676;Maria Lopera
sony;Calle 64  # 56 - 76;2345676;Maria Lopera
sony;Calle 64  # 56 - 76;2345676;Maria Lopera
sony;Calle 64  # 56 - 76;2345676;Maria Lopera
sony;Calle 64  # 56 - 76;2345676;Maria Lopera
sony;Calle 64  # 56 - 76;2345676;Maria Lopera
sony;Calle 64  # 56 - 76;2345676;Maria Lopera
sony;Calle 64  # 56 - 76;2345676;Maria Lopera
sony;Calle 64  # 56 - 76;2345676;Maria Lopera
sony;Calle 64  # 56 - 76;2345676;Maria Lopera
sony;Calle 64  # 56 - 76;2345676;Maria Lopera
sony;Calle 64  # 56 - 76;2345676;Maria Lopera
sony;Calle 64  # 56 - 76;2345676;Maria Lopera
sony;Calle 64  # 56 - 76;2345676;Maria Lopera
sony;Calle 64  # 56 - 76;2345676;Maria Lopera
sony;Calle 64  # 56 - 76;2345676;Maria Lopera
sony;Calle 64  # 56 - 76;2345676;Maria Lopera
sony;Calle 64  # 56 - 76;2345676;Maria Lopera
sony;Calle 64  # 56 - 76;2345676;Maria Lopera
sony;Calle 64  # 56 - 76;2345676;Maria Lopera
sony;Calle 64  # 56 - 76;2345676;Maria Lopera
sony;Calle 64  # 56 - 76;2345676;Maria Lopera
sony;Calle 64  # 56 - 76;2345676;Maria Lopera
sony;Calle 64  # 56 - 76;2345676;Maria Lopera
sony;Calle 64  # 56 - 76;2345676;Maria Lopera
sony;Calle 64  # 56 - 76;2345676;Maria Lopera
sony;Calle 64  # 56 - 76;2345676;Maria Lopera
sony;Calle 64  # 56 - 76;2345676;Maria Lopera
sony;Calle 64  # 56 - 76;2345676;Maria Lopera
sony;Calle 64  # 56 - 76;2345676;Maria Lopera
sony;Calle 64  # 56 - 76;2345676;Maria Lopera
sony;Calle 64  # 56 - 76;2345676;Maria Lopera
sony;Calle 64  # 56 - 76;2345676;Maria Lopera
sony;Calle 64  # 56 - 76;2345676;Maria Lopera
sony;Calle 64  # 56 - 76;2345676;Maria Lopera
sony;Calle 64  # 56 - 76;2345676;Maria Lopera
sony;Calle 64  # 56 - 76;2345676;Maria Lopera
sony;Calle 64  # 56 - 76;2345676;Maria Lopera
sony;Calle 64  # 56 - 76;2345676;Maria Lopera
sony;Calle 64  # 56 - 76;2345676;Maria Lopera
sony;Calle 64  # 56 - 76;2345676;Maria Lopera
sony;Calle 64  # 56 - 76;2345676;Maria Lopera
sony;Calle 64  # 56 - 76;2345676;Maria Lopera
sony;Calle 64  # 56 - 76;2345676;Maria Lopera
sony;Calle 64  # 56 - 76;2345676;Maria Lopera
sony;Calle 64  # 56 - 76;2345676;Maria Lopera
sony;Calle 64  # 56 - 76;2345676;Maria Lopera
sony;Calle 64  # 56 - 76;2345676;Maria Lopera
sony;Calle 64  # 56 - 76;2345676;Maria Lopera
sony;Calle 64  # 56 - 76;2345676;Maria Lopera
sony;Calle 64  # 56 - 76;2345676;Maria Lopera
sony;Calle 64  # 56 - 76;2345676;Maria Lopera
sony;Calle 64  # 56 - 76;2345676;Maria Lopera
sony;Calle 64  # 56 - 76;2345676;Maria Lopera
sony;Calle 64  # 56 - 76;2345676;Maria Lopera
sony;Calle 64  # 56 - 76;2345676;Maria Lopera
sony;Calle 64  # 56 - 76;2345676;Maria Lopera
sony;Calle 64  # 56 - 76;2345676;Maria Lopera
sony;Calle 64  # 56 - 76;2345676;Maria Lopera
sony;Calle 64  # 56 - 76;2345676;Maria Lopera
sony;Calle 64  # 56 - 76;2345676;Maria Lopera
sony;Calle 64  # 56 - 76;2345676;Maria Lopera
sony;Calle 64  # 56 - 76;2345676;Maria Lopera
sony;Calle 64  # 56 - 76;2345676;Maria Lopera
sony;Calle 64  # 56 - 76;2345676;Maria Lopera
sony;Calle 64  # 56 - 76;2345676;Maria Lopera
sony;Calle 64  # 56 - 76;2345676;Maria Lopera
sony;Calle 64  # 56 - 76;2345676;Maria Lopera
sony;Calle 64  # 56 - 76;2345676;Maria Lopera
sony;Calle 64  # 56 - 76;2345676;Maria Lopera
sony;Calle 64  # 56 - 76;2345676;Maria Lopera
sony;Calle 64  # 56 - 76;2345676;Maria Lopera
sony;Calle 64  # 56 - 76;2345676;Maria Lopera
sony;Calle 64  # 56 - 76;2345676;Maria Lopera
sony;Calle 64  # 56 - 76;2345676;Maria Lopera
sony;Calle 64  # 56 - 76;2345676;Maria Lopera
sony;Calle 64  # 56 - 76;2345676;Maria Lopera
sony;Calle 64  # 56 - 76;2345676;Maria Lopera
sony;Calle 64  # 56 - 76;2345676;Maria Lopera
sony;Calle 64  # 56 - 76;2345676;Maria Lopera
sony;Calle 64  # 56 - 76;2345676;Maria Lopera
sony;Calle 64  # 56 - 76;2345676;Maria Lopera
sony;Calle 64  # 56 - 76;2345676;Maria Lopera
sony;Calle 64  # 56 - 76;2345676;Maria Lopera
sony;Calle 64  # 56 - 76;2345676;Maria Lopera
sony;Calle 64  # 56 - 76;2345676;Maria Lopera
sony;Calle 64  # 56 - 76;2345676;Maria Lopera
sony;Calle 64  # 56 - 76;2345676;Maria Lopera
sony;Calle 64  # 56 - 76;2345676;Maria Lopera
sony;Calle 64  # 56 - 76;2345676;Maria Lopera
sony;Calle 64  # 56 - 76;2345676;Maria Lopera
sony;Calle 64  # 56 - 76;2345676;Maria Lopera
sony;Calle 64  # 56 - 76;2345676;Maria Lopera
sony;Calle 64  # 56 - 76;2345676;Maria Lopera
sony;Calle 64  # 56 - 76;2345676;Maria Lopera
sony;Calle 64  # 56 - 76;2345676;Maria Lopera
sony;Calle 64  # 56 - 76;2345676;Maria Lopera
sony;Calle 64  # 56 - 76;2345676;Maria Lopera
sony;Calle 64  # 56 - 76;2345676;Maria Lopera
sony;Calle 64  # 56 - 76;2345676;Maria Lopera
sony;Calle 64  # 56 - 76;2345676;Maria Lopera
sony;Calle 64  # 56 - 76;2345676;Maria Lopera
sony;Calle 64  # 56 - 76;2345676;Maria Lopera
sony;Calle 64  # 56 - 76;2345676;Maria Lopera
sony;Calle 64  # 56 - 76;2345676;Maria Lopera
sony;Calle 64  # 56 - 76;2345676;Maria Lopera
sony;Calle 64  # 56 - 76;2345676;Maria Lopera
sony;Calle 64  # 56 - 76;2345676;Maria Lopera
sony;Calle 64  # 56 - 76;2345676;Maria Lopera
sony;Calle 64  # 56 - 76;2345676;Maria Lopera
sony;Calle 64  # 56 - 76;2345676;Maria Lopera
sony;Calle 64  # 56 - 76;2345676;Maria Lopera
sony;Calle 64  # 56 - 76;2345676;Maria Lopera
sony;Calle 64  # 56 - 76;2345676;Maria Lopera
sony;Calle 64  # 56 - 76;2345676;Maria Lopera
sony;Calle 64  # 56 - 76;2345676;Maria Lopera
sony;Calle 64  # 56 - 76;2345676;Maria Lopera
sony;Calle 64  # 56 - 76;2345676;Maria Lopera
sony;Calle 64  # 56 - 76;2345676;Maria Lopera
